Timestamp,Event,Count,Message
2026-03-16 18:03:42,MONITORING,14,Routine check
2026-03-16 18:03:44,MONITORING,15,Routine check
2026-03-16 18:03:46,MONITORING,16,Routine check
2026-03-16 18:03:48,MONITORING,15,Routine check
2026-03-16 18:03:50,MONITORING,15,Routine check
2026-03-16 18:03:52,MONITORING,15,Routine check
2026-03-16 18:03:54,MONITORING,15,Routine check
2026-03-16 18:03:56,MONITORING,16,Routine check
2026-03-16 18:03:58,MONITORING,15,Routine check
2026-03-16 18:04:00,MONITORING,15,Routine check
2026-03-16 18:04:02,MONITORING,15,Routine check
2026-03-16 18:04:04,MONITORING,16,Routine check
2026-03-16 18:04:06,MONITORING,15,Routine check
2026-03-16 18:04:08,MONITORING,15,Routine check
2026-03-16 18:04:10,MONITORING,15,Routine check
2026-03-16 18:04:12,MONITORING,15,Routine check
2026-03-16 18:04:14,MONITORING,15,Routine check
2026-03-16 18:04:17,MONITORING,15,Routine check
2026-03-16 18:04:19,MONITORING,15,Routine check
2026-03-16 18:04:21,MONITORING,15,Routine check
2026-03-16 18:04:23,MONITORING,15,Routine check
2026-03-16 18:04:25,MONITORING,15,Routine check
2026-03-16 18:04:27,MONITORING,15,Routine check
2026-03-16 18:04:29,MONITORING,15,Routine check
2026-03-16 18:04:31,MONITORING,15,Routine check
2026-03-16 18:04:33,MONITORING,14,Routine check
2026-03-16 18:04:35,MONITORING,15,Routine check
2026-03-16 18:04:37,MONITORING,17,Routine check
2026-03-16 18:04:39,MONITORING,15,Routine check
2026-03-16 18:04:41,MONITORING,14,Routine check
2026-03-16 18:04:43,MONITORING,14,Routine check
2026-03-16 18:04:45,MONITORING,13,Routine check
2026-03-16 18:04:47,MONITORING,14,Routine check
2026-03-16 18:04:49,MONITORING,14,Routine check
2026-03-16 18:04:51,MONITORING,15,Routine check
2026-03-16 18:04:53,MONITORING,15,Routine check
2026-03-16 18:04:55,MONITORING,14,Routine check
